Location,Publication
sahibabad,Hindustan Times
sahibabad,Hindustan
sahibabad,Dainik Bhaskar
sahibabad,Dainik Jagran
sahibabad,Mint
manesar,Hindustan Times
manesar,Hindustan
manesar,Dainik Bhaskar
manesar,Dainik Jagran
manesar,Mint
kandivali,Hindustan Times
kandivali,Loksatta
kandivali,Lokmat
kandivali,Dainik Bhaskar
kandivali,Mint
airoli,Hindustan Times
airoli,Loksatta
airoli,Lokmat
airoli,Dainik Bhaskar
airoli,Mint
bommasandra,The Hindu
bommasandra,Deccan Herald
bommasandra,Indian Express
bommasandra,V K
bommasandra,Prajavani
bommasandra,Vijayawani
chemmencherry,The Hindu
chemmencherry,Daily Thanthi
chemmencherry,Dinamalar
chemmencherry,Hindu Tamil
chemmencherry,Indian Express
saltlake,The Telegraph
saltlake,Ananda Bazar Patrika
bhosari,Hindustan Times
bhosari,Sakal
bhosari,Lokmat
bhosari,Indian Express
nacharam,Deccan Chronicle
nacharam,The Hindu
nacharam,Namasthe Telangana
nacharam,Enadu
nacharam,Sakshi
vejalpur,Hindustan Times
vejalpur,Nav-Gujarat Samay
vejalpur,Divya Bhaskar
vejalpur,Gujarat Samachar
vejalpur,Sandesh
chinhat,Hindustan Times
chinhat,Dainik Jagran
butibori,Hindustan Times
butibori,Sakal
butibori,Lokmat
trivandrum,The Hindu
trivandrum,Indian Express
baroda,Hindustan Times
baroda,Nav-Gujarat Samay
baroda,Divya Bhaskar
baroda,Gujarat Samachar
baroda,Sandesh
